,score_architecture_impact,score_code_quality,score_collaboration,score_maintainability,score_technical_leadership,score_user_impact
score_architecture_impact,1.0,-0.04726852095273148,-0.2208580892791419,0.16517692833482306,0.3485724801514275,0.39221305010778695
score_code_quality,-0.04726852095273148,1.0,-0.03217834796782165,-0.12976497187023503,0.07802723592197276,-0.054524422945475576
score_collaboration,-0.2208580892791419,-0.03217834796782165,1.0,-0.15034965034965034,-0.1594983963405016,-0.13809874336190125
score_maintainability,0.16517692833482306,-0.12976497187023503,-0.15034965034965034,1.0,0.17124980282875019,0.12424417687575583
score_technical_leadership,0.3485724801514275,0.07802723592197276,-0.1594983963405016,0.17124980282875019,1.0,0.24199484725800516
score_user_impact,0.39221305010778695,-0.054524422945475576,-0.13809874336190125,0.12424417687575583,0.24199484725800516,1.0
