,count,mean,std,min,25%,50%,75%,max
score_architecture_impact,212687.0,0.2956269414267854,0.2654996658749641,0.0001830681721912,0.0894546024501323,0.1857624799013137,0.4453938454389572,0.9983643293380736
score_code_quality,212687.0,0.41938981780596557,0.3184538948595094,0.0008559005800634,0.1232072860002517,0.3266908526420593,0.7311785519123077,0.9985392689704896
score_collaboration,212687.0,0.4501573415919948,0.3180330542165265,0.0013912339927628,0.1479240804910659,0.3879801034927368,0.7609186172485352,0.9989033937454224
score_maintainability,212687.0,0.2893967212912398,0.2751983062295813,0.0012644218513742,0.0768221989274025,0.1691998690366745,0.4424257129430771,0.9987380504608154
score_technical_leadership,212687.0,0.24367823263718064,0.23581011367094812,0.0006932422984391,0.0722757279872894,0.1484171003103256,0.3367364704608917,0.997992753982544
score_user_impact,212687.0,0.3058794862390598,0.2764124431040866,0.0009640919161029,0.083254650235176,0.1914032101631164,0.4832216203212738,0.9983450770378112
